"","lat","lon","Operator","Class"
"1",12.9603081,77.644831,"Airtel","good"
"2",12.9685301,77.6825823,"Airtel","good"
"3",12.9127745,77.5589106,"Airtel","good"
"4",12.9887967,77.519942,"Airtel","good"
"5",12.9064174,77.5855455,"Airtel","good"
"6",12.9796756,77.7144349,"Airtel","good"
"7",12.8796739,77.5957044,"Airtel","good"
"8",12.9645234,77.6388042,"Airtel","good"
"9",12.9796595,77.694468,"Airtel","good"
"10",12.9323751,77.6133328,"Airtel","good"
"11",12.9857677,77.748625,"Airtel","good"
"12",12.9066034,77.631429,"Airtel","good"
"13",13.002229,77.6595459,"Airtel","good"
"14",12.9572773,77.7153342,"Airtel","good"
"15",13.0210379,77.6773795,"Airtel","good"
"16",13.0792877,77.5377066,"Airtel","good"
"17",12.9529672,77.6400227,"Airtel","good"
"18",12.9727973,77.6624152,"Airtel","poor"
"19",13.0818984,77.5374002,"Airtel","good"
"20",13.0467668,77.5669032,"Airtel","good"
"21",12.9249587,77.6284743,"Airtel","good"
"22",12.9802545,77.5708378,"Airtel","good"
"23",12.9727973,77.6624152,"Airtel","satisfactory"
"24",12.8571296,77.6633984,"Airtel","satisfactory"
"25",12.8458633,77.6776256,"Airtel","good"
"26",13.0792869,77.5377082,"Airtel","good"
"27",13.0720238,77.5297774,"Airtel","good"
"28",13.01553,77.6620823,"Airtel","good"
"29",12.9618772,77.7419283,"Airtel","good"
"30",12.9602722,77.6428849,"Airtel","poor"
"31",12.845864,77.6776189,"Airtel","satisfactory"
"32",12.872956,77.6505699,"Airtel","good"
"33",12.9994068,77.7544566,"Airtel","good"
"34",12.9566853,77.7052773,"Airtel","good"
"35",12.9492794,77.6454295,"Airtel","good"
"36",13.04999404,77.48682917,"Airtel","poor"
"37",12.8697443,77.56203,"Airtel","good"
"38",13.0752817,77.5300164,"Airtel","good"
"39",12.9048711,77.6457598,"Airtel","good"
"40",12.9376246,77.6933798,"Airtel","good"
"41",13.0425986,77.5880426,"Airtel","good"
"42",12.971737,77.6147788,"Airtel","good"
"43",13.062979,77.544112,"Airtel","good"
"44",12.9792941,77.6960205,"Airtel","good"
"45",13.0302643890172,77.5885752154045,"Airtel","good"
"46",12.985477,77.6792698,"Airtel","good"
"47",12.8460841,77.6613415,"Airtel","good"
"48",12.9812255,77.6387904,"Airtel","good"
"49",12.97109,77.6345405,"Airtel","good"
"50",12.960704,77.6461402,"Airtel","good"
"51",12.9601931,77.6437686,"Airtel","good"
"52",12.9203106,77.6671351,"Airtel","good"
"53",13.0759028,77.7893245,"Airtel","good"
"54",12.971823,77.6141613,"Airtel","good"
"55",12.9733595,77.6469306,"Airtel","good"
"56",13.0808381,77.5374002,"Airtel","good"
"57",12.9575778,77.7153851,"Airtel","satisfactory"
"58",12.9727973,77.6624152,"Airtel","poor"
"59",12.8459294,77.6776256,"Airtel","poor"
"60",12.9024373,77.5879108,"Airtel","poor"
"61",12.979721,77.5751596,"Airtel","good"
"62",12.8458748,77.6776367,"Airtel","poor"
"63",12.9268897,77.5476907,"Airtel","good"
"64",12.9801932,77.6975077,"Airtel","good"
"65",12.8925343,77.5976253,"Airtel","good"
"66",12.9430034,77.6511883,"Airtel","poor"
"67",12.9702285,77.6424612,"Airtel","satisfactory"
"68",13.0003574,77.5840324,"Airtel","good"
"69",13.0200938,77.6839896,"Airtel","good"
"70",12.9391547,77.6258662,"Airtel","good"
"71",13.0191156,77.6187905,"Airtel","good"
"72",12.9678601,77.645629,"Airtel","good"
"73",12.9840111,77.6928338,"Airtel","good"
"74",13.0052476,77.6845701,"Airtel","satisfactory"
"75",12.9997298,77.6854889,"Airtel","good"
"76",12.9997057,77.5794379,"Airtel","good"
"77",13.0285681,77.5698676,"Airtel","satisfactory"
"78",13.1076621,77.5753363,"Airtel","good"
"79",13.0458044,77.5562243,"Airtel","good"
"80",12.8992052,77.572624,"Airtel","good"
"81",12.9225492,77.6497533,"Airtel","good"
"82",13.0747345,77.7858297,"Airtel","good"
"83",13.0537054,77.5754526,"Airtel","good"
"84",12.9790847,77.6952268,"Airtel","good"
"85",12.9814141,77.6933765,"Airtel","good"
"86",12.9048711,77.6457598,"Airtel","good"
"87",12.9559047,77.6489479,"Airtel","poor"
"88",13.0449119,77.5376219,"Airtel","good"
"89",13.0793171,77.5377802,"Airtel","good"
"90",12.9911339,77.7511085,"Airtel","satisfactory"
"91",12.95517845,77.6882574,"Airtel","satisfactory"
"92",12.922067,77.6451058,"Airtel","good"
"93",12.9807415,77.6967361,"Airtel","good"
"94",12.9048584,77.6457263,"Airtel","good"
"95",12.9174877,77.5735197,"Airtel","good"
"96",12.8459854,77.6613527,"Airtel","good"
"97",12.84604,77.6613415,"Airtel","good"
"98",13.0171994,77.5969008,"Airtel","good"
"99",12.9600157,77.6428289,"Airtel","poor"
"100",12.8880367,77.6405632,"Airtel","satisfactory"
"101",12.9517127,77.5905476,"Airtel","satisfactory"
"102",12.9727952,77.6623705,"Airtel","poor"
"103",12.9744937,77.5711476,"Airtel","good"
"104",12.9575659,77.6381377,"Airtel","good"
"105",12.922609,77.6496191,"Airtel","good"
"106",13.0114664,77.5285499,"Airtel","good"
"107",12.9539636,77.5910766,"Airtel","good"
"108",12.9840111,77.6928338,"Airtel","good"
"109",12.9837622,77.6931693,"Airtel","poor"
"110",13.0307068,77.5368733,"Airtel","good"
"111",12.9278268,77.5465541,"Airtel","good"
"112",13.0167385,77.6688424,"Airtel","good"
"113",12.9556273,77.6491493,"Airtel","poor"
"114",13.0760279,77.7897169,"Airtel","good"
"115",12.9166824,77.6096679,"Airtel","good"
"116",12.9048595,77.6457486,"Airtel","good"
"117",12.8506624,77.6641712,"Airtel","good"
"118",13.0772201,77.7923273,"Airtel","good"
"119",12.928432,77.6001019,"Airtel","good"
"120",12.9254283,77.6361055,"Airtel","good"
"121",12.9600157,77.6428289,"Airtel","good"
"122",12.9771572,77.6956627,"Airtel","good"
"123",12.9605588,77.642816,"Airtel","satisfactory"
"124",13.0809079,77.5388335,"Airtel","good"
"125",13.0073965,77.5810961,"Airtel","good"
"126",12.9556494,77.6491493,"Airtel","poor"
"127",12.9980426,77.6721172,"Airtel","good"
"128",12.9751424,77.6467745,"Airtel","good"
"129",12.9797166,77.7143678,"Airtel","good"
"130",13.0734093,77.7835356,"Airtel","good"
"131",13.0228603,77.5516777,"Airtel","good"
"132",12.9557352,77.6491498,"Airtel","poor"
"133",12.9759566,77.6042019,"Airtel","good"
"134",12.925214,77.6374394,"Airtel","good"
"135",12.9562083,77.7109992,"Airtel","good"
"136",13.0149524,77.6621739,"Airtel","good"
"137",12.9581688,77.667565,"Airtel","good"
"138",13.0710996,77.7925896,"Airtel","good"
"139",12.9064252,77.5826527,"Airtel","good"
"140",12.9342942,77.6355237,"Airtel","good"
"141",12.9363877,77.5637727,"Airtel","good"
"142",12.9872715,77.6894001,"Airtel","good"
"143",13.079282,77.537695,"Airtel","good"
"144",12.9224745,77.6495743,"Airtel","poor"
"145",12.9900582,77.7142672,"Airtel","good"
"146",12.9840122,77.6928562,"Airtel","poor"
"147",12.9689039,77.6845639,"Airtel","good"
"148",12.9603015,77.641504,"Airtel","poor"
"149",13.0327958,77.5693862,"Airtel","good"
"150",12.9575804,77.6413967,"Airtel","good"
"151",13.00742,77.6022248,"Jio","good"
"152",12.8588198,77.6129818,"Jio","good"
"153",13.0360021,77.5765491,"Jio","good"
"154",13.1034752,77.5843331,"Jio","good"
"155",12.9729052,77.5922085,"Jio","good"
"156",13.0361471,77.5765726,"Jio","good"
"157",12.9465937,77.7032551,"Jio","satisfactory"
"158",13.007398,77.6022248,"Jio","good"
"159",13.0366455,77.5763239,"Jio","good"
"160",13.1036524,77.5842062,"Jio","satisfactory"
"161",12.9316742,77.6317311,"Jio","satisfactory"
"162",12.9290302,77.6846279,"Jio","good"
"163",12.9600157,77.6428289,"Jio","good"
"164",12.9169932,77.6332191,"Jio","good"
"165",13.0074106,77.6022584,"Jio","good"
"166",13.104143,77.5841167,"Jio","good"
"167",12.9290706,77.6598773,"Jio","satisfactory"
"168",12.9618918,77.5053493,"Jio","good"
"169",12.9112104,77.5067641,"Jio","good"
"170",12.8992263,77.5871945,"Jio","good"
"171",12.97636,77.5757343,"Jio","satisfactory"
"172",13.0362359,77.5768458,"Jio","good"
"173",12.9217207,77.6652338,"Jio","good"
"174",13.0365519,77.5764449,"Jio","good"
"175",12.9676884,77.5929696,"Jio","good"
"176",12.9612609,77.5338171,"Jio","good"
"177",12.9017772,77.6089378,"Jio","good"
"178",13.0360023,77.576774,"Jio","good"
"179",12.985121,77.7662291,"Jio","good"
"180",12.9272852,77.6615285,"Jio","good"
"181",12.9248309,77.4979008,"Jio","good"
"182",12.9851021,77.7662962,"Jio","good"
"183",12.9273569,77.6609217,"Jio","good"
"184",12.8791186,77.6469767,"Jio","satisfactory"
"185",12.8641272,77.6620175,"Jio","poor"
"186",13.0361153,77.5763711,"Jio","good"
"187",13.0359643,77.5766733,"Jio","good"
"188",12.924109,77.6094169,"Jio","good"
"189",13.0359375,77.5766504,"Jio","good"
"190",13.0360165,77.5765176,"Jio","good"
"191",13.0073473,77.6020905,"Jio","good"
"192",12.9128062,77.6111771,"Jio","good"
"193",12.8905241,77.6562969,"Jio","good"
"194",12.9914026,77.5708862,"Jio","good"
"195",13.0073452,77.6020458,"Jio","good"
"196",13.0358962,77.5764134,"Jio","good"
"197",13.0359317,77.5766845,"Jio","good"
"198",13.0070721,77.6023367,"Jio","good"
"199",12.9599821,77.6428177,"Jio","satisfactory"
"200",13.007028,77.6023367,"Jio","good"
"201",13.0073759,77.6022248,"Jio","good"
"202",13.0359506,77.5766173,"Jio","good"
"203",13.0073664,77.6022584,"Jio","good"
"204",13.1034752,77.5843331,"Jio","good"
"205",13.0079879,77.5056663,"Jio","satisfactory"
"206",12.9585125,77.6439364,"Jio","good"
"207",12.9275969,77.6614198,"Jio","good"
"208",13.0360165,77.5765176,"Jio","good"
"209",13.00638,77.6012624,"Jio","good"
"210",12.9580055,77.7087594,"Jio","good"
"211",13.0361681,77.5765502,"Jio","good"
"212",13.007252,77.6024039,"Jio","good"
"213",13.1036093,77.5842286,"Jio","poor"
"214",12.9562189,77.7105494,"Jio","good"
"215",12.9125907,77.6107348,"Jio","good"
"216",12.9841356,77.5415344,"Jio","good"
"217",12.8799216,77.6532065,"Jio","good"
"218",13.0072962,77.6024039,"Jio","good"
"219",12.9599445,77.6431869,"Jio","good"
"220",12.9843794,77.5415768,"Jio","good"
"221",12.9812607,77.7275962,"Jio","satisfactory"
"222",13.0072084,77.6022911,"Jio","good"
"223",12.9896205,77.4488631,"Jio","satisfactory"
"224",12.8991177,77.5872997,"Jio","good"
"225",12.8969427,77.6340358,"Jio","good"
"226",12.9650237,77.402395,"Jio","good"
"227",13.0365151,77.5765526,"Jio","good"
"228",12.9701563,77.6393474,"Jio","good"
"229",13.0359285,77.5766173,"Jio","good"
"230",12.8453843,77.6621857,"Jio","good"
"231",12.89917694,77.58731538,"Jio","good"
"232",13.0365519,77.5764449,"Jio","good"
"233",13.0359516,77.5766397,"Jio","good"
"234",12.9801445,77.5535119,"Jio","good"
"235",13.0358991,77.5766957,"Jio","good"
"236",12.9923308,77.5820058,"Jio","good"
"237",12.9841732,77.54142,"Jio","good"
"238",13.058538,77.6525886,"Jio","good"
"239",12.9801521,77.5536687,"Jio","good"
"240",13.0488933,77.5556849,"Jio","poor"
"241",12.911675,77.5568754,"Jio","good"
"242",13.0324452,77.5771994,"Jio","good"
"243",13.0357138,77.5765166,"Jio","good"
"244",12.9584605,77.6458493,"Jio","good"
"245",12.8641272,77.6620175,"Jio","satisfactory"
"246",13.007028,77.6023367,"Jio","good"
"247",13.0365519,77.5764449,"Jio","good"
"248",12.8622863,77.6606947,"Jio","good"
"249",12.98128737,77.69381366,"Jio","satisfactory"
"250",13.0070616,77.6023479,"Jio","good"
"251",12.9271637,77.6609923,"Jio","good"
"252",13.1037051,77.584175,"Jio","satisfactory"
"253",13.0280596,77.5733962,"Jio","good"
"254",13.007028,77.6023367,"Jio","good"
"255",13.0359675,77.5668976,"Jio","good"
"256",13.0488092,77.5555383,"Jio","poor"
"257",13.0359592,77.5767964,"Jio","good"
"258",12.9125992,77.6107104,"Jio","good"
"259",13.0074001,77.6022696,"Jio","good"
"260",12.9936388,77.7022766,"Jio","good"
"261",12.9921509,77.582046,"Jio","good"
"262",13.1036184,77.584224,"Jio","good"
"263",13.0072962,77.6024039,"Jio","good"
"264",12.9271238,77.660979,"Jio","good"
"265",13.036139,77.5767541,"Jio","good"
"266",13.1036093,77.5842286,"Jio","satisfactory"
"267",13.0072979,77.602194,"Jio","good"
"268",12.9132142,77.6131795,"Jio","good"
"269",12.9619913,77.4832824,"Jio","poor"
"270",12.8637715,77.6627137,"Jio","good"
"271",12.922216,77.6680682,"Jio","good"
"272",13.0046569,77.5493744,"Jio","poor"
"273",13.0668379,77.5933506,"Jio","good"
"274",13.0072741,77.6024039,"Jio","good"
"275",13.0363885,77.5764748,"Jio","good"
"276",13.0070501,77.6023367,"Jio","good"
"277",12.7912084,77.6230042,"Jio","good"
"278",13.007028,77.6023367,"Jio","good"
"279",12.91657816,77.60914029,"Jio","satisfactory"
"280",12.9271689,77.661006,"Jio","good"
"281",12.9281143,77.6604691,"Jio","poor"
"282",13.0072983,77.6024486,"Jio","good"
"283",12.9662228,77.568431,"Jio","good"
"284",13.032354,77.5086362,"Jio","good"
"285",13.0360882,77.5766589,"Jio","good"
"286",12.8641272,77.6620175,"Jio","satisfactory"
"287",13.0358865,77.5766621,"Jio","good"
"288",13.00334779,77.58481513,"Jio","good"
"289",13.0070501,77.6023367,"Jio","good"
"290",12.8878583,77.6571749,"Jio","good"
"291",13.0362145,77.576595,"Jio","good"
"292",13.0361692,77.5765726,"Jio","good"
"293",12.9739551,77.6113242,"Jio","satisfactory"
"294",13.1034523,77.5851974,"Jio","good"
"295",12.9556776,77.580468,"Jio","good"
"296",12.9799496,77.7090648,"Jio","good"
"297",12.9915757,77.7289563,"Jio","good"
"298",12.9932061,77.7169463,"Jio","satisfactory"
"299",13.0070501,77.6023367,"Jio","good"
"300",12.9745397,77.6107785,"Jio","good"
"301",12.9458386,77.664891,"Idea","good"
"302",12.8946846,77.6598475,"Idea","good"
"303",12.9235924,77.6741434,"Idea","good"
"304",12.8807424,77.6544961,"Idea","good"
"305",12.9543322,77.6524406,"Idea","good"
"306",12.9435958,77.5771396,"Idea","good"
"307",12.9890825,77.7334029,"Idea","good"
"308",12.8873433,77.6570475,"Idea","good"
"309",12.9016154,77.6756648,"Idea","good"
"310",12.9952921,77.6968446,"Idea","good"
"311",12.9720827,77.5374644,"Idea","good"
"312",12.8813395,77.6543168,"Idea","good"
"313",12.9658099,77.5864453,"Idea","good"
"314",12.8867138,77.656229,"Idea","good"
"315",12.8941019,77.6573703,"Idea","good"
"316",12.9284553,77.6003959,"Idea","good"
"317",13.1014969,77.593585,"Idea","satisfactory"
"318",13.0305582,77.5686697,"Idea","good"
"319",12.9730687,77.7204945,"Idea","good"
"320",13.0473455,77.5918377,"Idea","good"
"321",12.9384013,77.6099296,"Idea","good"
"322",12.9548892,77.6052912,"Idea","good"
"323",12.88048942,77.65478964,"Idea","good"
"324",12.9585587,77.6047798,"Idea","good"
"325",12.9976463,77.5843536,"Idea","good"
"326",12.9665812,77.6499027,"Idea","good"
"327",12.9684813,77.6504013,"Idea","good"
"328",12.9344512,77.6305335,"Idea","good"
"329",12.9730399,77.6991239,"Idea","good"
"330",12.9712136,77.7257708,"Idea","good"
"331",12.914139,77.651664,"Idea","good"
"332",12.9237524,77.5802008,"Idea","good"
"333",12.88779641,77.65725209,"Idea","good"
"334",12.9888391,77.7288301,"Idea","satisfactory"
"335",12.9337689,77.6111406,"Idea","good"
"336",12.95996,77.6428177,"Idea","good"
"337",12.9028825,77.6611912,"Idea","good"
"338",12.9846471,77.7336981,"Idea","good"
"339",13.1268272,77.7728728,"Idea","poor"
"340",13.0097506,77.5838175,"Idea","good"
"341",12.9904109,77.7235078,"Idea","good"
"342",12.9029903,77.5858645,"Idea","good"
"343",13.0440745,77.5910825,"Idea","good"
"344",12.8885564,77.6242858,"Idea","good"
"345",13.0341379,77.5885371,"Idea","good"
"346",13.0499682,77.5987888,"Idea","good"
"347",12.9656493,77.5362233,"Idea","good"
"348",13.020153,77.5838977,"Idea","good"
"349",12.9906364,77.7311639,"Idea","good"
"350",12.9142876,77.6766906,"Idea","good"
"351",13.0175811,77.5838803,"Idea","good"
"352",12.9029884,77.5858387,"Idea","good"
"353",12.9890892,77.7334075,"Idea","good"
"354",12.8880692,77.65713522,"Idea","good"
"355",12.9549367,77.5932445,"Idea","good"
"356",12.9340799,77.5897746,"Idea","good"
"357",12.8879045,77.6571883,"Idea","good"
"358",12.9968878,77.6917708,"Idea","good"
"359",12.9543322,77.6524406,"Idea","good"
"360",12.88795561,77.65723557,"Idea","good"
"361",12.88787855,77.65718204,"Idea","good"
"362",12.9928586,77.7107103,"Idea","good"
"363",12.9543038,77.6523411,"Idea","good"
"364",12.989094,77.7334134,"Idea","good"
"365",12.9731032,77.7205068,"Idea","good"
"366",12.9904673,77.7232923,"Idea","good"
"367",12.9141401,77.651664,"Idea","good"
"368",12.9448915,77.6982656,"Idea","good"
"369",12.9947272,77.7179626,"Idea","good"
"370",13.004296,77.5841791,"Idea","good"
"371",12.9103219,77.5914036,"Idea","good"
"372",12.9791614,77.6952369,"Idea","good"
"373",12.9634179,77.6383035,"Idea","good"
"374",12.9309203,77.606981,"Idea","good"
"375",12.9749657,77.7268208,"Idea","good"
"376",12.9634237,77.6382825,"Idea","good"
"377",12.9914919,77.7208974,"Idea","good"
"378",13.0483342,77.5923616,"Idea","satisfactory"
"379",12.9913735,77.7150347,"Idea","good"
"380",12.97495844,77.72647407,"Idea","good"
"381",12.9110778,77.6263049,"Idea","good"
"382",12.9831048,77.7335727,"Idea","good"
"383",12.9728139,77.7012311,"Idea","good"
"384",13.0272097,77.5777803,"Idea","good"
"385",12.87745237,77.65395156,"Idea","good"
"386",12.8878213,77.6575459,"Idea","good"
"387",12.9714491,77.7268617,"Idea","good"
"388",12.8878873,77.6569851,"Idea","good"
"389",13.10085,77.5942453,"Idea","good"
"390",12.887891,77.6571585,"Idea","good"
"391",12.9302621,77.6331428,"Idea","good"
"392",12.9895908,77.7313648,"Idea","good"
"393",12.8878213,77.6575459,"Idea","good"
"394",12.9245464,77.6742073,"Idea","good"
"395",12.9594571,77.7011946,"Idea","good"
"396",12.9543305,77.6523388,"Idea","good"
"397",12.930844,77.6288823,"Idea","good"
"398",12.9377799,77.575442,"Idea","good"
"399",12.9244307,77.6181293,"Idea","good"
"400",13.0321425,77.5672947,"Idea","good"
"401",12.9771712,77.7189887,"Idea","good"
"402",13.0459119,77.5913282,"Idea","good"
"403",12.8889905,77.6238174,"Idea","good"
"404",12.9367544,77.6180962,"Idea","good"
"405",13.0404433,77.5896745,"Idea","good"
"406",12.9652035,77.7139645,"Idea","good"
"407",13.0181074,77.5839346,"Idea","good"
"408",13.0576372,77.5936076,"Idea","good"
"409",12.9882371,77.7321142,"Idea","good"
"410",12.94347,77.6077567,"Idea","satisfactory"
"411",12.9744441,77.5713269,"Idea","good"
"412",12.88795561,77.65723557,"Idea","good"
"413",13.0476436,77.5711095,"Idea","good"
"414",12.9149517,77.6753832,"Idea","satisfactory"
"415",12.9675145,77.7142645,"Idea","good"
"416",13.0386524,77.5895718,"Idea","good"
"417",12.9278662,77.6204405,"Idea","good"
"418",12.9744178,77.5731073,"Idea","good"
"419",12.9836702,77.7336804,"Idea","good"
"420",12.9760709,77.5710419,"Idea","good"
"421",12.9367831,77.6975544,"Idea","good"
"422",12.908651,77.6492121,"Idea","good"
"423",12.9732008,77.7204998,"Idea","good"
"424",12.9663631,77.6201502,"Idea","good"
"425",12.8968125,77.6351088,"Idea","good"
"426",12.9482593,77.6993724,"Idea","good"
"427",12.9361459,77.5849042,"Idea","good"
"428",12.9546812,77.6415032,"Idea","good"
"429",12.9543322,77.6524406,"Idea","good"
"430",12.940577,77.6959361,"Idea","good"
"431",12.9386443,77.6972392,"Idea","good"
"432",12.9641821,77.710885,"Idea","good"
"433",12.9612224,77.7187013,"Idea","good"
"434",12.9210384,77.6655727,"Idea","good"
"435",13.0290917,77.575594,"Idea","good"
"436",12.8877892,77.6574715,"Idea","good"
"437",12.9241831,77.665445,"Idea","good"
"438",12.9731225,77.6008856,"Idea","good"
"439",12.8894822,77.6566549,"Idea","good"
"440",12.9744897,77.7110082,"Idea","good"
"441",13.0030864,77.7572047,"Idea","good"
"442",12.9558886,77.6014216,"Idea","good"
"443",12.9890887,77.733431,"Idea","good"
"444",12.968251,77.6002975,"Idea","good"
"445",12.9730935,77.7203939,"Idea","good"
"446",12.9891082,77.7334498,"Idea","good"
"447",12.9720711,77.5375416,"Idea","good"
"448",12.9499983,77.6057667,"Idea","satisfactory"
"449",12.87752335,77.65391418,"Idea","good"
"450",12.9188998,77.6516743,"Idea","good"
"451",12.9582063,77.5943014,"Vodafone","good"
"452",12.9282266,77.558143,"Vodafone","poor"
"453",12.9463187,77.6467442,"Vodafone","good"
"454",12.9698617,77.6099275,"Vodafone","good"
"455",12.9389669,77.5327421,"Vodafone","good"
"456",12.9472317,77.6462185,"Vodafone","satisfactory"
"457",12.96213735,77.59915915,"Vodafone","good"
"458",12.9463314,77.6467778,"Vodafone","good"
"459",12.9463776,77.6468225,"Vodafone","satisfactory"
"460",12.9297838,77.5575356,"Vodafone","poor"
"461",12.96759317,77.60611206,"Vodafone","good"
"462",12.9348471,77.5867357,"Vodafone","satisfactory"
"463",12.9741493,77.5999419,"Vodafone","good"
"464",12.9269283,77.5608448,"Vodafone","poor"
"465",12.93093522,77.60277904,"Vodafone","good"
"466",12.9463778,77.6470574,"Vodafone","satisfactory"
"467",12.979383,77.6404237,"Vodafone","good"
"468",12.9585544,77.6022359,"Vodafone","good"
"469",12.9460684,77.6465876,"Vodafone","good"
"470",12.9464113,77.6468337,"Vodafone","good"
"471",12.9677304,77.5965957,"Vodafone","good"
"472",12.9463187,77.6467442,"Vodafone","good"
"473",12.9810003,77.5603834,"Vodafone","good"
"474",12.9297014,77.5577214,"Vodafone","poor"
"475",12.9299818,77.5575871,"Vodafone","good"
"476",12.9463303,77.6467554,"Vodafone","poor"
"477",12.9392394,77.5934988,"Vodafone","good"
"478",12.9298209,77.5574527,"Vodafone","poor"
"479",12.9243682,77.5647294,"Vodafone","satisfactory"
"480",12.97445807,77.60202105,"Vodafone","good"
"481",12.90928809,77.62946201,"Vodafone","good"
"482",12.9297558,77.5574751,"Vodafone","satisfactory"
"483",12.9282103,77.5583707,"Vodafone","poor"
"484",12.9279068,77.5584827,"Vodafone","good"
"485",12.9463776,77.6468225,"Vodafone","good"
"486",12.9296853,77.5573855,"Vodafone","satisfactory"
"487",12.9676547,77.5966293,"Vodafone","satisfactory"
"488",12.9666848,77.5978044,"Vodafone","good"
"489",12.9472085,77.6461961,"Vodafone","poor"
"490",12.9803804,77.6974965,"Vodafone","good"
"491",12.9676547,77.5966293,"Vodafone","poor"
"492",12.848388,77.6834425,"Vodafone","good"
"493",12.9707635,77.5974328,"Vodafone","satisfactory"
"494",12.9753786,77.6144205,"Vodafone","good"
"495",12.9261575,77.567528,"Vodafone","satisfactory"
"496",12.9742996,77.6020072,"Vodafone","good"
"497",12.9670789,77.5968195,"Vodafone","satisfactory"
"498",12.9464008,77.6468449,"Vodafone","good"
"499",12.9298305,77.557388,"Vodafone","poor"
"500",12.927465,77.5589805,"Vodafone","poor"
"501",12.98920103,77.58109931,"Vodafone","good"
"502",12.9463776,77.6468225,"Vodafone","good"
"503",12.9298911,77.5573072,"Vodafone","good"
"504",12.8904376,77.6241212,"Vodafone","satisfactory"
"505",12.9299732,77.5574079,"Vodafone","good"
"506",12.9470647,77.6464198,"Vodafone","good"
"507",12.9255492,77.6335547,"Vodafone","good"
"508",12.9463314,77.6467778,"Vodafone","good"
"509",12.9735304,77.6001545,"Vodafone","good"
"510",12.9281543,77.5581244,"Vodafone","good"
"511",12.83938978,77.64771992,"Vodafone","good"
"512",12.9297855,77.5575279,"Vodafone","good"
"513",12.97524559,77.59950167,"Vodafone","good"
"514",12.9636272,77.60447832,"Vodafone","poor"
"515",12.9580264,77.6029012,"Vodafone","good"
"516",12.9296853,77.5573855,"Vodafone","poor"
"517",12.946674,77.646789,"Vodafone","good"
"518",12.9464113,77.6468337,"Vodafone","good"
"519",12.9463419,77.6467666,"Vodafone","good"
"520",12.9463136,77.6468673,"Vodafone","good"
"521",12.9751895,77.599539,"Vodafone","good"
"522",12.9295405,77.5575871,"Vodafone","poor"
"523",12.9296979,77.5574191,"Vodafone","poor"
"524",12.9676558,77.5966516,"Vodafone","good"
"525",12.912585,77.6014862,"Vodafone","good"
"526",12.9297855,77.5575279,"Vodafone","satisfactory"
"527",12.9463787,77.6468449,"Vodafone","poor"
"528",12.9796944,77.5707071,"Vodafone","satisfactory"
"529",12.9676337,77.5966516,"Vodafone","poor"
"530",12.8485584,77.6833065,"Vodafone","good"
"531",12.9296979,77.5574191,"Vodafone","poor"
"532",12.9463346,77.6468449,"Vodafone","poor"
"533",12.9580034,77.602941,"Vodafone","good"
"534",12.9296853,77.5573855,"Vodafone","satisfactory"
"535",12.9620432,77.5939992,"Vodafone","good"
"536",12.9282316,77.5581465,"Vodafone","good"
"537",12.9379631,77.5684683,"Vodafone","poor"
"538",12.9445398,77.6033233,"Vodafone","satisfactory"
"539",12.9289133,77.5585386,"Vodafone","good"
"540",12.9707609,77.5976477,"Vodafone","poor"
"541",12.83938978,77.64771992,"Vodafone","good"
"542",12.926654,77.5581244,"Vodafone","poor"
"543",12.9272631,77.5859522,"Vodafone","good"
"544",12.9477502,77.6466771,"Vodafone","poor"
"545",12.9262593,77.5672749,"Vodafone","satisfactory"
"546",12.9460643,77.646733,"Vodafone","good"
"547",12.9791498,77.6036237,"Vodafone","good"
"548",12.9741713,77.5999419,"Vodafone","good"
"549",12.9296853,77.5573855,"Vodafone","satisfactory"
"550",12.9463314,77.6467778,"Vodafone","good"
"551",12.9297673,77.5574863,"Vodafone","good"
"552",12.9463187,77.6467442,"Vodafone","good"
"553",12.9296454,77.5574751,"Vodafone","good"
"554",12.929695,77.5575871,"Vodafone","poor"
"555",12.9464008,77.6468449,"Vodafone","good"
"556",12.9654482,77.5991697,"Vodafone","good"
"557",12.9378095,77.5682556,"Vodafone","satisfactory"
"558",12.8065749,77.6936836,"Vodafone","good"
"559",12.9250794,77.5556615,"Vodafone","poor"
"560",12.9703842,77.6125423,"Vodafone","good"
"561",12.9272172,77.5599716,"Vodafone","good"
"562",12.9297108,77.5576878,"Vodafone","satisfactory"
"563",13.046655,77.7501767,"Vodafone","good"
"564",12.9579625,77.6030082,"Vodafone","good"
"565",12.9298212,77.5573516,"Vodafone","satisfactory"
"566",12.9676547,77.5966293,"Vodafone","good"
"567",12.9298284,77.5576094,"Vodafone","satisfactory"
"568",12.907619,77.6362957,"Vodafone","good"
"569",12.9125503,77.6014526,"Vodafone","satisfactory"
"570",12.8490896,77.6820455,"Vodafone","good"
"571",12.9466363,77.6469232,"Vodafone","poor"
"572",12.9301077,77.5574527,"Vodafone","satisfactory"
"573",12.9463787,77.6468449,"Vodafone","good"
"574",12.9463314,77.6467778,"Vodafone","good"
"575",12.9299034,77.5571056,"Vodafone","satisfactory"
"576",12.9299438,77.5574863,"Vodafone","good"
"577",12.9462956,77.6467219,"Vodafone","satisfactory"
"578",12.9298301,77.5573936,"Vodafone","poor"
"579",12.9673759,77.5963383,"Vodafone","good"
"580",12.9281468,77.5579677,"Vodafone","poor"
"581",12.9612869,77.594335,"Vodafone","good"
"582",12.96868376,77.60044658,"Vodafone","good"
"583",12.9463419,77.6467666,"Vodafone","poor"
"584",12.9411575,77.6019571,"Vodafone","good"
"585",12.9282227,77.5581486,"Vodafone","good"
"586",12.9463187,77.6467442,"Vodafone","good"
"587",12.9306275,77.6022696,"Vodafone","good"
"588",12.9201522,77.684436,"Vodafone","poor"
"589",12.9463314,77.6467778,"Vodafone","poor"
"590",12.9311451,77.6287439,"Vodafone","poor"
"591",12.96685548,77.61014625,"Vodafone","good"
"592",12.9463314,77.6467778,"Vodafone","poor"
"593",12.9472548,77.6462408,"Vodafone","good"
"594",12.9297633,77.5576318,"Vodafone","good"
"595",12.9280596,77.5579901,"Vodafone","good"
"596",12.9580034,77.602941,"Vodafone","good"
"597",12.9272631,77.5859522,"Vodafone","good"
"598",12.9464492,77.6469344,"Vodafone","good"
"599",12.8410295,77.6545073,"Vodafone","satisfactory"
"600",12.9282954,77.5601395,"Vodafone","good"
